"Country","comm","d_iron_r_2030","r_iron_r_2030","growth_yield","growth_biof_iron","adoption_peak","scenario","assumptions","region"
"Afghanistan","Potato",699.678344516721,0.656005346682273,17,10,15,"Scenario_1","15% adoption, 17% yield, 10% iron","South Asia"
"Angola","Potato",616.21141210722,0.53054249230827,17,10,15,"Scenario_1","15% adoption, 17% yield, 10% iron","Southern Africa"
"United Arab Emirates","Potato",0.798928256798896,0.00490061972748264,17,10,15,"Scenario_1","15% adoption, 17% yield, 10% iron","MENA"
"Argentina","Potato",246.397611377847,0.785177117362031,17,10,15,"Scenario_1","15% adoption, 17% yield, 10% iron","LAC"
"Armenia","Potato",452.184797628213,5.54679383572885,17,10,15,"Scenario_1","15% adoption, 17% yield, 10% iron","Central Asia"
"Azerbaijan","Potato",1382.8725228119,3.36266735125839,17,10,15,"Scenario_1","15% adoption, 17% yield, 10% iron","Central Asia"
"Burundi","Potato",286.607868793856,0.420469417798206,17,10,15,"Scenario_1","15% adoption, 17% yield, 10% iron","East Africa"
"Benin","Potato",0.0810921153722571,9.95296216783675e-05,17,10,15,"Scenario_1","15% adoption, 17% yield, 10% iron","West Africa"
"Burkina Faso","Potato",16.0693173740783,0.00748622648493698,17,10,15,"Scenario_1","15% adoption, 17% yield, 10% iron","West Africa"
"Bangladesh","Potato",4347.76293936333,0.585459069038941,17,10,15,"Scenario_1","15% adoption, 17% yield, 10% iron","South Asia"
"Bahrain","Potato",0.0222507712961801,0.000934770988705671,17,10,15,"Scenario_1","15% adoption, 17% yield, 10% iron","MENA"
"Belize","Potato",0.305173268475631,0.0168897799538205,17,10,15,"Scenario_1","15% adoption, 17% yield, 10% iron","LAC"
"Bolivia","Potato",427.223026432233,0.875728592560977,17,10,15,"Scenario_1","15% adoption, 17% yield, 10% iron","LAC"
"Brazil","Potato",615.34954498405,0.0871275058145555,17,10,15,"Scenario_1","15% adoption, 17% yield, 10% iron","LAC"
"Bhutan","Potato",49.9105789640091,0.774979267973307,17,10,15,"Scenario_1","15% adoption, 17% yield, 10% iron","South Asia"
"Botswana","Potato",3.55747502415953,0.0449294203993002,17,10,15,"Scenario_1","15% adoption, 17% yield, 10% iron","Southern Africa"
"Central African Republic","Potato",2.12122467643176,0.00688392166439736,17,10,15,"Scenario_1","15% adoption, 17% yield, 10% iron","Central Africa"
"Chile","Potato",203.924624423999,2.17971136723181,17,10,15,"Scenario_1","15% adoption, 17% yield, 10% iron","LAC"
"Ivory Coast","Potato",0.0536333001878599,2.97855133725162e-05,17,10,15,"Scenario_1","15% adoption, 17% yield, 10% iron","West Africa"
"Cameroon","Potato",262.075426817585,0.178469063289352,17,10,15,"Scenario_1","15% adoption, 17% yield, 10% iron","Central Africa"
"Democratic Republic of Congo","Potato",152.601717596059,0.0436223656699953,17,10,15,"Scenario_1","15% adoption, 17% yield, 10% iron","Central Africa"
"Republic of Congo","Potato",8.39891449279259,0.0303013438880447,17,10,15,"Scenario_1","15% adoption, 17% yield, 10% iron","Central Africa"
"Colombia","Potato",902.606220671982,1.75442435058924,17,10,15,"Scenario_1","15% adoption, 17% yield, 10% iron","LAC"
"Comoros","Potato",0.95165462446029,0.0296299901483508,17,10,15,"Scenario_1","15% adoption, 17% yield, 10% iron","Central Africa"
"Costa Rica","Potato",16.7038338845564,0.373622474133673,17,10,15,"Scenario_1","15% adoption, 17% yield, 10% iron","LAC"
"Cuba","Potato",28.5053220285158,0.129576624373724,17,10,15,"Scenario_1","15% adoption, 17% yield, 10% iron","LAC"
"Cyprus","Potato",0.918022548890706,0.174626853962767,17,10,15,"Scenario_1","15% adoption, 17% yield, 10% iron","Other"
"Dominica","Potato",0.706435252326327,0.290627293331582,17,10,15,"Scenario_1","15% adoption, 17% yield, 10% iron","LAC"
"Dominican Republic","Potato",62.762338860716,0.166376221242984,17,10,15,"Scenario_1","15% adoption, 17% yield, 10% iron","LAC"
"Algeria","Potato",3811.73478936738,2.85808782095103,17,10,15,"Scenario_1","15% adoption, 17% yield, 10% iron","North Africa"
"Ecuador","Potato",120.562178246331,0.862813632286683,17,10,15,"Scenario_1","15% adoption, 17% yield, 10% iron","LAC"
"Egypt","Potato",4765.65943622469,1.9908300617319,17,10,15,"Scenario_1","15% adoption, 17% yield, 10% iron","North Africa"
"Eritrea","Potato",1.13791596652561,0.00318542117364801,17,10,15,"Scenario_1","15% adoption, 17% yield, 10% iron","East Africa"
"Ethiopia","Potato",908.996170542061,0.178587591843582,17,10,15,"Scenario_1","15% adoption, 17% yield, 10% iron","East Africa"
"Georgia","Potato",346.494513222532,2.776060030602,17,10,15,"Scenario_1","15% adoption, 17% yield, 10% iron","Central Asia"
"Guinea","Potato",144.149514697728,0.15329576375412,17,10,15,"Scenario_1","15% adoption, 17% yield, 10% iron","West Africa"
"Guatemala","Potato",142.942434319191,0.258106862650394,17,10,15,"Scenario_1","15% adoption, 17% yield, 10% iron","LAC"
"Honduras","Potato",59.6395255051969,0.274468852737411,17,10,15,"Scenario_1","15% adoption, 17% yield, 10% iron","LAC"
"Haiti","Potato",58.2679900838202,0.0568532837997345,17,10,15,"Scenario_1","15% adoption, 17% yield, 10% iron","LAC"
"Indonesia","Potato",1698.16081461037,0.284579213092711,17,10,15,"Scenario_1","15% adoption, 17% yield, 10% iron","Southeast Asia"
"India","Potato",49912.971653417,0.441901790128345,17,10,15,"Scenario_1","15% adoption, 17% yield, 10% iron","South Asia"
"Iran","Potato",2933.13592000408,1.34323427165134,17,10,15,"Scenario_1","15% adoption, 17% yield, 10% iron","MENA"
"Iraq","Potato",588.27318061312,0.524534451665467,17,10,15,"Scenario_1","15% adoption, 17% yield, 10% iron","MENA"
"Israel","Potato",145.753042662466,2.53704618108255,17,10,15,"Scenario_1","15% adoption, 17% yield, 10% iron","MENA"
"Jamaica","Potato",14.9710103997831,0.175417172123714,17,10,15,"Scenario_1","15% adoption, 17% yield, 10% iron","LAC"
"Jordan","Potato",241.039319446085,0.553030253602512,17,10,15,"Scenario_1","15% adoption, 17% yield, 10% iron","MENA"
"Kazakhstan","Potato",1367.60103698364,1.86537722904237,17,10,15,"Scenario_1","15% adoption, 17% yield, 10% iron","Central Asia"
"Kenya","Potato",1079.68157913259,0.803354366203077,17,10,15,"Scenario_1","15% adoption, 17% yield, 10% iron","East Africa"
"Kyrgyzstan","Potato",1607.07341121649,5.18035893240464,17,10,15,"Scenario_1","15% adoption, 17% yield, 10% iron","Central Asia"
"Kuwait","Potato",31.0772666147043,0.353651849869267,17,10,15,"Scenario_1","15% adoption, 17% yield, 10% iron","MENA"
"Laos","Potato",5.89399776172564,0.0230661672689809,17,10,15,"Scenario_1","15% adoption, 17% yield, 10% iron","Southeast Asia"
"Lebanon","Potato",926.485260981241,6.19863094578895,17,10,15,"Scenario_1","15% adoption, 17% yield, 10% iron","MENA"
"Libya","Potato",400.427433702567,2.33178250891464,17,10,15,"Scenario_1","15% adoption, 17% yield, 10% iron","North Africa"
"Sri Lanka","Potato",88.9302192858737,0.13589626971154,17,10,15,"Scenario_1","15% adoption, 17% yield, 10% iron","South Asia"
"Lesotho","Potato",113.311148946141,1.4151924705815,17,10,15,"Scenario_1","15% adoption, 17% yield, 10% iron","Southern Africa"
"Morocco","Potato",885.773834022169,0.765704839680191,17,10,15,"Scenario_1","15% adoption, 17% yield, 10% iron","North Africa"
"Madagascar","Potato",367.430531156876,0.250402605697465,17,10,15,"Scenario_1","15% adoption, 17% yield, 10% iron","East Africa"
"Mexico","Potato",387.162662736968,0.273730082414748,17,10,15,"Scenario_1","15% adoption, 17% yield, 10% iron","LAC"
"Mali","Potato",298.824203841128,0.100213940341564,17,10,15,"Scenario_1","15% adoption, 17% yield, 10% iron","West Africa"
"Myanmar","Potato",234.505831226488,0.0861996487671206,17,10,15,"Scenario_1","15% adoption, 17% yield, 10% iron","South Asia"
"Mozambique","Potato",467.8800512012,0.131107188275688,17,10,15,"Scenario_1","15% adoption, 17% yield, 10% iron","Southern Africa"
"Mauritania","Potato",4.51771891504605,0.0165645052973365,17,10,15,"Scenario_1","15% adoption, 17% yield, 10% iron","West Africa"
"Mauritius","Potato",6.79599797027349,0.231230871893252,17,10,15,"Scenario_1","15% adoption, 17% yield, 10% iron",NA
"Malawi","Potato",1066.50931983512,0.970085336162856,17,10,15,"Scenario_1","15% adoption, 17% yield, 10% iron","Southern Africa"
"Namibia","Potato",16.9974798533367,0.228619380362424,17,10,15,"Scenario_1","15% adoption, 17% yield, 10% iron","Southern Africa"
"Niger","Potato",163.977292148379,0.0956475219853779,17,10,15,"Scenario_1","15% adoption, 17% yield, 10% iron","West Africa"
"Nigeria","Potato",1133.48153847313,0.0605561737774161,17,10,15,"Scenario_1","15% adoption, 17% yield, 10% iron","West Africa"
"Nicaragua","Potato",21.7241159588673,0.195302383749343,17,10,15,"Scenario_1","15% adoption, 17% yield, 10% iron","LAC"
"Nepal","Potato",3592.02006729923,2.09709645673544,17,10,15,"Scenario_1","15% adoption, 17% yield, 10% iron","South Asia"
"Oman","Potato",6.59411615314851,0.0789273901409281,17,10,15,"Scenario_1","15% adoption, 17% yield, 10% iron","MENA"
"Pakistan","Potato",8787.6781039756,0.346163252585477,17,10,15,"Scenario_1","15% adoption, 17% yield, 10% iron","South Asia"
"Panama","Potato",16.4785103919269,0.308114227443977,17,10,15,"Scenario_1","15% adoption, 17% yield, 10% iron","LAC"
"Peru","Potato",1826.87788515102,2.89047801097396,17,10,15,"Scenario_1","15% adoption, 17% yield, 10% iron","LAC"
"Philippines","Potato",68.112444693584,0.0164987376196866,17,10,15,"Scenario_1","15% adoption, 17% yield, 10% iron","Southeast Asia"
"Paraguay","Potato",1.62465187921963,0.0090933605297188,17,10,15,"Scenario_1","15% adoption, 17% yield, 10% iron","LAC"
"Palestine","Potato",140.455390838748,1.31651115762371,17,10,15,"Scenario_1","15% adoption, 17% yield, 10% iron","MENA"
"Qatar","Potato",0.14647412487541,0.00329851238758418,17,10,15,"Scenario_1","15% adoption, 17% yield, 10% iron","MENA"
"Reunion","Potato",1.34648854447052,0.101582535263379,17,10,15,"Scenario_1","15% adoption, 17% yield, 10% iron","LAC"
"Rwanda","Potato",634.887967523456,1.75653888728872,17,10,15,"Scenario_1","15% adoption, 17% yield, 10% iron","East Africa"
"Saudi Arabia","Potato",380.666456274992,0.518436550886352,17,10,15,"Scenario_1","15% adoption, 17% yield, 10% iron","MENA"
"Sudan","Potato",320.989262478448,0.151112998562212,17,10,15,"Scenario_1","15% adoption, 17% yield, 10% iron","North Africa"
"Senegal","Potato",105.315058482134,0.0690261521352735,17,10,15,"Scenario_1","15% adoption, 17% yield, 10% iron","West Africa"
"El Salvador","Potato",2.41861046623935,0.0335759001438823,17,10,15,"Scenario_1","15% adoption, 17% yield, 10% iron","LAC"
"Eswatini","Potato",1.62832604215144,0.0372330860495536,17,10,15,"Scenario_1","15% adoption, 17% yield, 10% iron","Southern Africa"
"Syria","Potato",619.285475184488,1.4216042343805,17,10,15,"Scenario_1","15% adoption, 17% yield, 10% iron","MENA"
"Chad","Potato",69.3428083244465,0.0439923033840792,17,10,15,"Scenario_1","15% adoption, 17% yield, 10% iron","Central Africa"
"Thailand","Potato",35.820616158673,0.0278343513714411,17,10,15,"Scenario_1","15% adoption, 17% yield, 10% iron","Southeast Asia"
"Tajikistan","Potato",1415.5528193508,2.32058875975719,17,10,15,"Scenario_1","15% adoption, 17% yield, 10% iron","Central Asia"
"Turkmenistan","Potato",183.979605788214,0.769453408332982,17,10,15,"Scenario_1","15% adoption, 17% yield, 10% iron","Central Asia"
"Timor-Leste","Potato",1.39704305631954,0.0395812440128845,17,10,15,"Scenario_1","15% adoption, 17% yield, 10% iron","Southeast Asia"
"Tunisia","Potato",396.005603797806,1.2642973217446,17,10,15,"Scenario_1","15% adoption, 17% yield, 10% iron","North Africa"
"Turkey","Potato",11353.2325662109,6.3220798548932,17,10,15,"Scenario_1","15% adoption, 17% yield, 10% iron","Other"
"Tanzania","Potato",1129.65788095809,0.341183863162833,17,10,15,"Scenario_1","15% adoption, 17% yield, 10% iron","East Africa"
"Uganda","Potato",276.332369784716,0.183482960854704,17,10,15,"Scenario_1","15% adoption, 17% yield, 10% iron","East Africa"
"Uruguay","Potato",11.3514025864536,0.557914898874847,17,10,15,"Scenario_1","15% adoption, 17% yield, 10% iron","LAC"
"Uzbekistan","Potato",2332.06446285049,0.985030759600217,17,10,15,"Scenario_1","15% adoption, 17% yield, 10% iron","Central Asia"
"Venezuela","Potato",235.979337605593,0.618668051535257,17,10,15,"Scenario_1","15% adoption, 17% yield, 10% iron","LAC"
"Vietnam","Potato",185.639050866969,0.0738979496401065,17,10,15,"Scenario_1","15% adoption, 17% yield, 10% iron","Southeast Asia"
"Yemen","Potato",750.830531697926,0.141162440845603,17,10,15,"Scenario_1","15% adoption, 17% yield, 10% iron","MENA"
"South Africa","Potato",1581.11020892402,0.501080633040486,17,10,15,"Scenario_1","15% adoption, 17% yield, 10% iron","Southern Africa"
"Zambia","Potato",38.230263685489,0.0254085490665701,17,10,15,"Scenario_1","15% adoption, 17% yield, 10% iron","Southern Africa"
"Zimbabwe","Potato",53.0088443821787,0.0590201699721096,17,10,15,"Scenario_1","15% adoption, 17% yield, 10% iron","Southern Africa"
"Afghanistan","Potato",2322.1989651736,2.17725037390738,17,10,50,"Scenario_2","50% adoption, 17% yield, 10% iron","South Asia"
"Angola","Potato",2046.61644301182,1.76208516613069,17,10,50,"Scenario_2","50% adoption, 17% yield, 10% iron","Southern Africa"
"United Arab Emirates","Potato",2.66300923853589,0.0163348780040991,17,10,50,"Scenario_2","50% adoption, 17% yield, 10% iron","MENA"
"Argentina","Potato",817.202554895303,2.60411918267187,17,10,50,"Scenario_2","50% adoption, 17% yield, 10% iron","LAC"
"Armenia","Potato",1450.77722345172,17.7961802392884,17,10,50,"Scenario_2","50% adoption, 17% yield, 10% iron","Central Asia"
"Azerbaijan","Potato",4501.06658144763,10.9450360677482,17,10,50,"Scenario_2","50% adoption, 17% yield, 10% iron","Central Asia"
"Burundi","Potato",952.488497294396,1.39735271610745,17,10,50,"Scenario_2","50% adoption, 17% yield, 10% iron","East Africa"
"Benin","Potato",0.270306859842819,0.000331765170679312,17,10,50,"Scenario_2","50% adoption, 17% yield, 10% iron","West Africa"
"Burkina Faso","Potato",53.5613637201154,0.024952677846645,17,10,50,"Scenario_2","50% adoption, 17% yield, 10% iron","West Africa"
"Bangladesh","Potato",14432.4071251982,1.94343246339618,17,10,50,"Scenario_2","50% adoption, 17% yield, 10% iron","South Asia"
"Bahrain","Potato",0.0741687827481136,0.00311588418476319,17,10,50,"Scenario_2","50% adoption, 17% yield, 10% iron","MENA"
"Belize","Potato",1.01712570349484,0.0562927067734788,17,10,50,"Scenario_2","50% adoption, 17% yield, 10% iron","LAC"
"Bolivia","Potato",1415.36088199452,2.90122937311183,17,10,50,"Scenario_2","50% adoption, 17% yield, 10% iron","LAC"
"Brazil","Potato",2049.93451267273,0.290250773122746,17,10,50,"Scenario_2","50% adoption, 17% yield, 10% iron","LAC"
"Bhutan","Potato",165.451142549793,2.56901859285276,17,10,50,"Scenario_2","50% adoption, 17% yield, 10% iron","South Asia"
"Botswana","Potato",11.8546872780237,0.149719737960043,17,10,50,"Scenario_2","50% adoption, 17% yield, 10% iron","Southern Africa"
"Central African Republic","Potato",7.07040410221092,0.0229452865205811,17,10,50,"Scenario_2","50% adoption, 17% yield, 10% iron","Central Africa"
"Chile","Potato",669.999122839765,7.16149267512055,17,10,50,"Scenario_2","50% adoption, 17% yield, 10% iron","LAC"
"Ivory Coast","Potato",0.178777628913232,9.9285023260738e-05,17,10,50,"Scenario_2","50% adoption, 17% yield, 10% iron","West Africa"
"Cameroon","Potato",872.477187204638,0.594142641424071,17,10,50,"Scenario_2","50% adoption, 17% yield, 10% iron","Central Africa"
"Democratic Republic of Congo","Potato",508.521149093841,0.145364651631357,17,10,50,"Scenario_2","50% adoption, 17% yield, 10% iron","Central Africa"
"Republic of Congo","Potato",27.9903406863052,0.10098268525142,17,10,50,"Scenario_2","50% adoption, 17% yield, 10% iron","Central Africa"
"Colombia","Potato",2975.08188439341,5.78276105729784,17,10,50,"Scenario_2","50% adoption, 17% yield, 10% iron","LAC"
"Comoros","Potato",3.17151307489324,0.0987458041490071,17,10,50,"Scenario_2","50% adoption, 17% yield, 10% iron","Central Africa"
"Costa Rica","Potato",55.5458517912094,1.24242007658382,17,10,50,"Scenario_2","50% adoption, 17% yield, 10% iron","LAC"
"Cuba","Potato",94.9386937821899,0.431562760471203,17,10,50,"Scenario_2","50% adoption, 17% yield, 10% iron","LAC"
"Cyprus","Potato",3.05670305953669,0.581448069473081,17,10,50,"Scenario_2","50% adoption, 17% yield, 10% iron","Other"
"Dominica","Potato",2.3501027347902,0.966831701297544,17,10,50,"Scenario_2","50% adoption, 17% yield, 10% iron","LAC"
"Dominican Republic","Potato",208.968924028436,0.553954179658923,17,10,50,"Scenario_2","50% adoption, 17% yield, 10% iron","LAC"
"Algeria","Potato",12468.6964896978,9.34918916178178,17,10,50,"Scenario_2","50% adoption, 17% yield, 10% iron","North Africa"
"Ecuador","Potato",399.627258879463,2.85996696318858,17,10,50,"Scenario_2","50% adoption, 17% yield, 10% iron","LAC"
"Egypt","Potato",15682.0260300931,6.55108684692418,17,10,50,"Scenario_2","50% adoption, 17% yield, 10% iron","North Africa"
"Eritrea","Potato",3.79296052782576,0.0106178110964009,17,10,50,"Scenario_2","50% adoption, 17% yield, 10% iron","East Africa"
"Ethiopia","Potato",3026.1668612636,0.594541396084915,17,10,50,"Scenario_2","50% adoption, 17% yield, 10% iron","East Africa"
"Georgia","Potato",1132.92515689454,9.0768197639498,17,10,50,"Scenario_2","50% adoption, 17% yield, 10% iron","Central Asia"
"Guinea","Potato",479.944555116775,0.510396911779663,17,10,50,"Scenario_2","50% adoption, 17% yield, 10% iron","West Africa"
"Guatemala","Potato",475.651649044299,0.858869904056389,17,10,50,"Scenario_2","50% adoption, 17% yield, 10% iron","LAC"
"Honduras","Potato",198.462707775289,0.913351192063006,17,10,50,"Scenario_2","50% adoption, 17% yield, 10% iron","LAC"
"Haiti","Potato",194.139052284561,0.189425491084692,17,10,50,"Scenario_2","50% adoption, 17% yield, 10% iron","LAC"
"Indonesia","Potato",5650.29397193429,0.94688100116389,17,10,50,"Scenario_2","50% adoption, 17% yield, 10% iron","Southeast Asia"
"India","Potato",165846.153240769,1.46830993177259,17,10,50,"Scenario_2","50% adoption, 17% yield, 10% iron","South Asia"
"Iran","Potato",9692.31051585676,4.43860905578742,17,10,50,"Scenario_2","50% adoption, 17% yield, 10% iron","MENA"
"Iraq","Potato",1954.23116873097,1.74249244789556,17,10,50,"Scenario_2","50% adoption, 17% yield, 10% iron","MENA"
"Israel","Potato",477.733150908042,8.31564846913419,17,10,50,"Scenario_2","50% adoption, 17% yield, 10% iron","MENA"
"Jamaica","Potato",49.8436413573925,0.584024082662387,17,10,50,"Scenario_2","50% adoption, 17% yield, 10% iron","LAC"
"Jordan","Potato",800.340856224831,1.83626765833726,17,10,50,"Scenario_2","50% adoption, 17% yield, 10% iron","MENA"
"Kazakhstan","Potato",4500.33855232447,6.13836113856937,17,10,50,"Scenario_2","50% adoption, 17% yield, 10% iron","Central Asia"
"Kenya","Potato",3579.68584822164,2.66352257127012,17,10,50,"Scenario_2","50% adoption, 17% yield, 10% iron","East Africa"
"Kyrgyzstan","Potato",5162.2235243219,16.6402919484852,17,10,50,"Scenario_2","50% adoption, 17% yield, 10% iron","Central Asia"
"Kuwait","Potato",103.35216646006,1.17612289747846,17,10,50,"Scenario_2","50% adoption, 17% yield, 10% iron","MENA"
"Laos","Potato",19.6436626326347,0.0768754971374677,17,10,50,"Scenario_2","50% adoption, 17% yield, 10% iron","Southeast Asia"
"Lebanon","Potato",2963.16684256347,19.8250079751906,17,10,50,"Scenario_2","50% adoption, 17% yield, 10% iron","MENA"
"Libya","Potato",1314.54868187003,7.65492412734675,17,10,50,"Scenario_2","50% adoption, 17% yield, 10% iron","North Africa"
"Sri Lanka","Potato",296.163782663422,0.452574542273861,17,10,50,"Scenario_2","50% adoption, 17% yield, 10% iron","South Asia"
"Lesotho","Potato",373.921595632958,4.67007025918611,17,10,50,"Scenario_2","50% adoption, 17% yield, 10% iron","Southern Africa"
"Morocco","Potato",2937.54053784131,2.53934912072097,17,10,50,"Scenario_2","50% adoption, 17% yield, 10% iron","North Africa"
"Madagascar","Potato",1222.56739692092,0.833175351176953,17,10,50,"Scenario_2","50% adoption, 17% yield, 10% iron","East Africa"
"Mexico","Potato",1288.29942934175,0.910847927523869,17,10,50,"Scenario_2","50% adoption, 17% yield, 10% iron","LAC"
"Mali","Potato",995.292837010516,0.333782256284657,17,10,50,"Scenario_2","50% adoption, 17% yield, 10% iron","West Africa"
"Myanmar","Potato",781.218936600894,0.287160441141364,17,10,50,"Scenario_2","50% adoption, 17% yield, 10% iron","South Asia"
"Mozambique","Potato",1558.00921527053,0.436578150740373,17,10,50,"Scenario_2","50% adoption, 17% yield, 10% iron","Southern Africa"
"Mauritania","Potato",15.0573068552244,0.0552085784567771,17,10,50,"Scenario_2","50% adoption, 17% yield, 10% iron","West Africa"
"Mauritius","Potato",22.6193658667794,0.769614074919652,17,10,50,"Scenario_2","50% adoption, 17% yield, 10% iron",NA
"Malawi","Potato",3530.88749604377,3.21165705713889,17,10,50,"Scenario_2","50% adoption, 17% yield, 10% iron","Southern Africa"
"Namibia","Potato",56.5712236081623,0.760893861868781,17,10,50,"Scenario_2","50% adoption, 17% yield, 10% iron","Southern Africa"
"Niger","Potato",546.207020058831,0.318601114063836,17,10,50,"Scenario_2","50% adoption, 17% yield, 10% iron","West Africa"
"Nigeria","Potato",3776.50909581402,0.201759740512552,17,10,50,"Scenario_2","50% adoption, 17% yield, 10% iron","West Africa"
"Nicaragua","Potato",72.3233464492286,0.650195478104066,17,10,50,"Scenario_2","50% adoption, 17% yield, 10% iron","LAC"
"Nepal","Potato",11800.5741489661,6.88942204430597,17,10,50,"Scenario_2","50% adoption, 17% yield, 10% iron","South Asia"
"Oman","Potato",21.9690188187758,0.262955228426631,17,10,50,"Scenario_2","50% adoption, 17% yield, 10% iron","MENA"
"Pakistan","Potato",29217.3738022684,1.15092758607342,17,10,50,"Scenario_2","50% adoption, 17% yield, 10% iron","South Asia"
"Panama","Potato",54.8221778017117,1.02506188717435,17,10,50,"Scenario_2","50% adoption, 17% yield, 10% iron","LAC"
"Peru","Potato",5974.03182715655,9.45208641125302,17,10,50,"Scenario_2","50% adoption, 17% yield, 10% iron","LAC"
"Philippines","Potato",227.015532782026,0.0549895063642725,17,10,50,"Scenario_2","50% adoption, 17% yield, 10% iron","Southeast Asia"
"Paraguay","Potato",5.41518876846662,0.0303094247069122,17,10,50,"Scenario_2","50% adoption, 17% yield, 10% iron","LAC"
"Palestine","Potato",464.238368461759,4.35138151855349,17,10,50,"Scenario_2","50% adoption, 17% yield, 10% iron","MENA"
"Qatar","Potato",0.488236533726535,0.0109948037302696,17,10,50,"Scenario_2","50% adoption, 17% yield, 10% iron","MENA"
"Reunion","Potato",4.48523793446501,0.338377806861775,17,10,50,"Scenario_2","50% adoption, 17% yield, 10% iron","LAC"
"Rwanda","Potato",2091.28646384428,5.78594364062709,17,10,50,"Scenario_2","50% adoption, 17% yield, 10% iron","East Africa"
"Saudi Arabia","Potato",1264.69654910575,1.72241316782219,17,10,50,"Scenario_2","50% adoption, 17% yield, 10% iron","MENA"
"Sudan","Potato",1068.79250833601,0.50315839080856,17,10,50,"Scenario_2","50% adoption, 17% yield, 10% iron","North Africa"
"Senegal","Potato",350.872069365683,0.229970425778783,17,10,50,"Scenario_2","50% adoption, 17% yield, 10% iron","West Africa"
"El Salvador","Potato",8.06033042294952,0.111896005241576,17,10,50,"Scenario_2","50% adoption, 17% yield, 10% iron","LAC"
"Eswatini","Potato",5.42634956680373,0.124078185280888,17,10,50,"Scenario_2","50% adoption, 17% yield, 10% iron","Southern Africa"
"Syria","Potato",2044.89363809728,4.69416702193897,17,10,50,"Scenario_2","50% adoption, 17% yield, 10% iron","MENA"
"Chad","Potato",231.065432399495,0.146591994891969,17,10,50,"Scenario_2","50% adoption, 17% yield, 10% iron","Central Africa"
"Thailand","Potato",119.380539660289,0.0927644536625931,17,10,50,"Scenario_2","50% adoption, 17% yield, 10% iron","Southeast Asia"
"Tajikistan","Potato",4641.63121588174,7.60926549632618,17,10,50,"Scenario_2","50% adoption, 17% yield, 10% iron","Central Asia"
"Turkmenistan","Potato",610.064753031694,2.55145890498547,17,10,50,"Scenario_2","50% adoption, 17% yield, 10% iron","Central Asia"
"Timor-Leste","Potato",4.6555636249939,0.131902162231029,17,10,50,"Scenario_2","50% adoption, 17% yield, 10% iron","Southeast Asia"
"Tunisia","Potato",1309.20559436576,4.17980228233037,17,10,50,"Scenario_2","50% adoption, 17% yield, 10% iron","North Africa"
"Turkey","Potato",36374.0128414725,20.2549725362887,17,10,50,"Scenario_2","50% adoption, 17% yield, 10% iron","Other"
"Tanzania","Potato",3756.37632038883,1.13451603895923,17,10,50,"Scenario_2","50% adoption, 17% yield, 10% iron","East Africa"
"Uganda","Potato",919.957426324395,0.610845962685365,17,10,50,"Scenario_2","50% adoption, 17% yield, 10% iron","East Africa"
"Uruguay","Potato",37.7021584965561,1.85303937418902,17,10,50,"Scenario_2","50% adoption, 17% yield, 10% iron","LAC"
"Uzbekistan","Potato",7719.15007771751,3.26045887051863,17,10,50,"Scenario_2","50% adoption, 17% yield, 10% iron","Central Asia"
"Venezuela","Potato",783.45393537594,2.05398457587319,17,10,50,"Scenario_2","50% adoption, 17% yield, 10% iron","LAC"
"Vietnam","Potato",618.500295292417,0.246208453773357,17,10,50,"Scenario_2","50% adoption, 17% yield, 10% iron","Southeast Asia"
"Yemen","Potato",2500.01503373511,0.470023806190573,17,10,50,"Scenario_2","50% adoption, 17% yield, 10% iron","MENA"
"South Africa","Potato",5252.12016126303,1.66448592916323,17,10,50,"Scenario_2","50% adoption, 17% yield, 10% iron","Southern Africa"
"Zambia","Potato",127.409906397303,0.0846790094071924,17,10,50,"Scenario_2","50% adoption, 17% yield, 10% iron","Southern Africa"
"Zimbabwe","Potato",176.620466529129,0.196649636048414,17,10,50,"Scenario_2","50% adoption, 17% yield, 10% iron","Southern Africa"
"Afghanistan","Potato",4615.71467491151,4.32760786328641,17,10,100,"Scenario_3","100% adoption, 17% yield, 10% iron","South Asia"
"Angola","Potato",4072.08012910027,3.50595834177107,17,10,100,"Scenario_3","100% adoption, 17% yield, 10% iron","Southern Africa"
"United Arab Emirates","Potato",5.32577576440895,0.0326682672106078,17,10,100,"Scenario_3","100% adoption, 17% yield, 10% iron","MENA"
"Argentina","Potato",1622.64970600854,5.17077828607019,17,10,100,"Scenario_3","100% adoption, 17% yield, 10% iron","LAC"
"Armenia","Potato",2743.57208564658,33.6544457318409,17,10,100,"Scenario_3","100% adoption, 17% yield, 10% iron","Central Asia"
"Azerbaijan","Potato",8697.57789217344,21.1494991263317,17,10,100,"Scenario_3","100% adoption, 17% yield, 10% iron","Central Asia"
"Burundi","Potato",1896.7952816055,2.78270241181929,17,10,100,"Scenario_3","100% adoption, 17% yield, 10% iron","East Africa"
"Benin","Potato",0.540613172947104,0.000663529670310899,17,10,100,"Scenario_3","100% adoption, 17% yield, 10% iron","West Africa"
"Burkina Faso","Potato",107.114077885306,0.0499013261178169,17,10,100,"Scenario_3","100% adoption, 17% yield, 10% iron","West Africa"
"Bangladesh","Potato",28693.5899553214,3.8638082841489,17,10,100,"Scenario_3","100% adoption, 17% yield, 10% iron","South Asia"
"Bahrain","Potato",0.148336265764088,0.00623171376683954,17,10,100,"Scenario_3","100% adoption, 17% yield, 10% iron","MENA"
"Belize","Potato",2.0339127937975,0.112566673038216,17,10,100,"Scenario_3","100% adoption, 17% yield, 10% iron","LAC"
"Bolivia","Potato",2805.93725624001,5.75165506583771,17,10,100,"Scenario_3","100% adoption, 17% yield, 10% iron","LAC"
"Brazil","Potato",4096.35445030113,0.580003916629763,17,10,100,"Scenario_3","100% adoption, 17% yield, 10% iron","LAC"
"Bhutan","Potato",328.293195621916,5.09752492767424,17,10,100,"Scenario_3","100% adoption, 17% yield, 10% iron","South Asia"
"Botswana","Potato",23.6991969824851,0.299310937426317,17,10,100,"Scenario_3","100% adoption, 17% yield, 10% iron","Southern Africa"
"Central African Republic","Potato",14.1398230466939,0.0458873759500187,17,10,100,"Scenario_3","100% adoption, 17% yield, 10% iron","Central Africa"
"Chile","Potato",1312.34569387762,14.0274125048045,17,10,100,"Scenario_3","100% adoption, 17% yield, 10% iron","LAC"
"Ivory Coast","Potato",0.357555148159198,0.000198569985617228,17,10,100,"Scenario_3","100% adoption, 17% yield, 10% iron","West Africa"
"Cameroon","Potato",1741.79328269141,1.18613263128249,17,10,100,"Scenario_3","100% adoption, 17% yield, 10% iron","Central Africa"
"Democratic Republic of Congo","Potato",1016.61026376777,0.290605802926385,17,10,100,"Scenario_3","100% adoption, 17% yield, 10% iron","Central Africa"
"Republic of Congo","Potato",55.9634246847547,0.201903112358227,17,10,100,"Scenario_3","100% adoption, 17% yield, 10% iron","Central Africa"
"Colombia","Potato",5854.54651124874,11.3796678172073,17,10,100,"Scenario_3","100% adoption, 17% yield, 10% iron","LAC"
"Comoros","Potato",6.34111504654678,0.197432105649984,17,10,100,"Scenario_3","100% adoption, 17% yield, 10% iron","Central Africa"
"Costa Rica","Potato",110.710402128387,2.47631140499936,17,10,100,"Scenario_3","100% adoption, 17% yield, 10% iron","LAC"
"Cuba","Potato",189.651622972738,0.862099262980513,17,10,100,"Scenario_3","100% adoption, 17% yield, 10% iron","LAC"
"Cyprus","Potato",6.1037753653063,1.16106417062069,17,10,100,"Scenario_3","100% adoption, 17% yield, 10% iron","Other"
"Dominica","Potato",4.68684846353842,1.9281683335138,17,10,100,"Scenario_3","100% adoption, 17% yield, 10% iron","LAC"
"Dominican Republic","Potato",417.255910586756,1.10610061630729,17,10,100,"Scenario_3","100% adoption, 17% yield, 10% iron","LAC"
"Algeria","Potato",24265.8703491971,18.1948620096225,17,10,100,"Scenario_3","100% adoption, 17% yield, 10% iron","North Africa"
"Ecuador","Potato",792.852116964163,5.67411459260734,17,10,100,"Scenario_3","100% adoption, 17% yield, 10% iron","LAC"
"Egypt","Potato",30785.6991517457,12.8605696993074,17,10,100,"Scenario_3","100% adoption, 17% yield, 10% iron","North Africa"
"Eritrea","Potato",7.58565622306807,0.021234880834614,17,10,100,"Scenario_3","100% adoption, 17% yield, 10% iron","East Africa"
"Ethiopia","Potato",6041.42967601449,1.18694050876847,17,10,100,"Scenario_3","100% adoption, 17% yield, 10% iron","East Africa"
"Georgia","Potato",2203.6579910694,17.6553643324089,17,10,100,"Scenario_3","100% adoption, 17% yield, 10% iron","Central Asia"
"Guinea","Potato",958.30866612652,1.01911310068651,17,10,100,"Scenario_3","100% adoption, 17% yield, 10% iron","West Africa"
"Guatemala","Potato",948.953968767881,1.71349769468306,17,10,100,"Scenario_3","100% adoption, 17% yield, 10% iron","LAC"
"Honduras","Potato",395.966639285789,1.82228997106271,17,10,100,"Scenario_3","100% adoption, 17% yield, 10% iron","LAC"
"Haiti","Potato",388.028011477005,0.378606961163649,17,10,100,"Scenario_3","100% adoption, 17% yield, 10% iron","LAC"
"Indonesia","Potato",11271.3456053844,1.8888615467271,17,10,100,"Scenario_3","100% adoption, 17% yield, 10% iron","Southeast Asia"
"India","Potato",330181.172059187,2.9232411168138,17,10,100,"Scenario_3","100% adoption, 17% yield, 10% iron","South Asia"
"Iran","Potato",19143.2372116111,8.76667600625598,17,10,100,"Scenario_3","100% adoption, 17% yield, 10% iron","MENA"
"Iraq","Potato",3889.40938875289,3.46799631236923,17,10,100,"Scenario_3","100% adoption, 17% yield, 10% iron","MENA"
"Israel","Potato",932.488673846036,16.2313375121949,17,10,100,"Scenario_3","100% adoption, 17% yield, 10% iron","MENA"
"Jamaica","Potato",99.516775731502,1.16605031400839,17,10,100,"Scenario_3","100% adoption, 17% yield, 10% iron","LAC"
"Jordan","Potato",1591.7850812894,3.65212326855691,17,10,100,"Scenario_3","100% adoption, 17% yield, 10% iron","MENA"
"Kazakhstan","Potato",8835.48139806613,12.0513990278417,17,10,100,"Scenario_3","100% adoption, 17% yield, 10% iron","Central Asia"
"Kenya","Potato",7104.53471048519,5.28624280511938,17,10,100,"Scenario_3","100% adoption, 17% yield, 10% iron","East Africa"
"Kyrgyzstan","Potato",9783.04508777098,31.5353888956382,17,10,100,"Scenario_3","100% adoption, 17% yield, 10% iron","Central Asia"
"Kuwait","Potato",206.023049611316,2.3444929540964,17,10,100,"Scenario_3","100% adoption, 17% yield, 10% iron","MENA"
"Laos","Potato",39.2787643630437,0.153717491173867,17,10,100,"Scenario_3","100% adoption, 17% yield, 10% iron","Southeast Asia"
"Lebanon","Potato",5574.78930918509,37.2980153959166,17,10,100,"Scenario_3","100% adoption, 17% yield, 10% iron","MENA"
"Libya","Potato",2571.74869048717,14.9758935304528,17,10,100,"Scenario_3","100% adoption, 17% yield, 10% iron","North Africa"
"Sri Lanka","Potato",591.555769460451,0.903969685912884,17,10,100,"Scenario_3","100% adoption, 17% yield, 10% iron","South Asia"
"Lesotho","Potato",737.125054775918,9.2062770265589,17,10,100,"Scenario_3","100% adoption, 17% yield, 10% iron","Southern Africa"
"Morocco","Potato",5832.23900765517,5.04166352945282,17,10,100,"Scenario_3","100% adoption, 17% yield, 10% iron","North Africa"
"Madagascar","Potato",2438.85608303305,1.6620717831743,17,10,100,"Scenario_3","100% adoption, 17% yield, 10% iron","East Africa"
"Mexico","Potato",2570.19520879767,1.8171683740179,17,10,100,"Scenario_3","100% adoption, 17% yield, 10% iron","LAC"
"Mali","Potato",1988.33686371322,0.666810349622907,17,10,100,"Scenario_3","100% adoption, 17% yield, 10% iron","West Africa"
"Myanmar","Potato",1561.10370938898,0.573830470375014,17,10,100,"Scenario_3","100% adoption, 17% yield, 10% iron","South Asia"
"Mozambique","Potato",3111.47826925255,0.871884078441257,17,10,100,"Scenario_3","100% adoption, 17% yield, 10% iron","Southern Africa"
"Mauritania","Potato",30.1095964863916,0.110398760940711,17,10,100,"Scenario_3","100% adoption, 17% yield, 10% iron","West Africa"
"Mauritius","Potato",45.1417705220708,1.5359290868363,17,10,100,"Scenario_3","100% adoption, 17% yield, 10% iron",NA
"Malawi","Potato",6993.15858958353,6.36090137708792,17,10,100,"Scenario_3","100% adoption, 17% yield, 10% iron","Southern Africa"
"Namibia","Potato",112.893993394542,1.51844597194408,17,10,100,"Scenario_3","100% adoption, 17% yield, 10% iron","Southern Africa"
"Niger","Potato",1091.31777616542,0.636562780255957,17,10,100,"Scenario_3","100% adoption, 17% yield, 10% iron","West Africa"
"Nigeria","Potato",7547.98458094211,0.403250560717997,17,10,100,"Scenario_3","100% adoption, 17% yield, 10% iron","West Africa"
"Nicaragua","Potato",144.388616918675,1.29807082248507,17,10,100,"Scenario_3","100% adoption, 17% yield, 10% iron","LAC"
"Nepal","Potato",23112.3345907593,13.4934644208734,17,10,100,"Scenario_3","100% adoption, 17% yield, 10% iron","South Asia"
"Oman","Potato",43.9055654227494,0.525521785027214,17,10,100,"Scenario_3","100% adoption, 17% yield, 10% iron","MENA"
"Pakistan","Potato",58221.3257521723,2.29344808193335,17,10,100,"Scenario_3","100% adoption, 17% yield, 10% iron","South Asia"
"Panama","Potato",109.341150301585,2.04445445927647,17,10,100,"Scenario_3","100% adoption, 17% yield, 10% iron","LAC"
"Peru","Potato",11620.9469899394,18.3866103006316,17,10,100,"Scenario_3","100% adoption, 17% yield, 10% iron","LAC"
"Philippines","Potato",453.95693040819,0.109961055121966,17,10,100,"Scenario_3","100% adoption, 17% yield, 10% iron","Southeast Asia"
"Paraguay","Potato",10.8294704309794,0.0606137722390878,17,10,100,"Scenario_3","100% adoption, 17% yield, 10% iron","LAC"
"Palestine","Potato",917.24011449612,8.59744035272061,17,10,100,"Scenario_3","100% adoption, 17% yield, 10% iron","MENA"
"Qatar","Potato",0.976442927247595,0.0219889287205829,17,10,100,"Scenario_3","100% adoption, 17% yield, 10% iron","MENA"
"Reunion","Potato",8.96174465663786,0.676096908765234,17,10,100,"Scenario_3","100% adoption, 17% yield, 10% iron","LAC"
"Rwanda","Potato",4111.63920285947,11.3756355762981,17,10,100,"Scenario_3","100% adoption, 17% yield, 10% iron","East Africa"
"Saudi Arabia","Potato",2517.4326979184,3.42853724956138,17,10,100,"Scenario_3","100% adoption, 17% yield, 10% iron","MENA"
"Sudan","Potato",2134.24067450287,1.00474235644945,17,10,100,"Scenario_3","100% adoption, 17% yield, 10% iron","North Africa"
"Senegal","Potato",701.235459718918,0.45960745047127,17,10,100,"Scenario_3","100% adoption, 17% yield, 10% iron","West Africa"
"El Salvador","Potato",16.115791311177,0.223724410092821,17,10,100,"Scenario_3","100% adoption, 17% yield, 10% iron","LAC"
"Eswatini","Potato",10.8486887601432,0.248064669897155,17,10,100,"Scenario_3","100% adoption, 17% yield, 10% iron","Southern Africa"
"Syria","Potato",4034.66417680855,9.26179590494294,17,10,100,"Scenario_3","100% adoption, 17% yield, 10% iron","MENA"
"Chad","Potato",461.910196615661,0.29304399398765,17,10,100,"Scenario_3","100% adoption, 17% yield, 10% iron","Central Africa"
"Thailand","Potato",238.69961541583,0.185481146898234,17,10,100,"Scenario_3","100% adoption, 17% yield, 10% iron","Southeast Asia"
"Tajikistan","Potato",9066.38122606481,14.8629864440726,17,10,100,"Scenario_3","100% adoption, 17% yield, 10% iron","Central Asia"
"Turkmenistan","Potato",1211.01627009332,5.06480374592527,17,10,100,"Scenario_3","100% adoption, 17% yield, 10% iron","Central Asia"
"Timor-Leste","Potato",9.30756626638151,0.263703434113397,17,10,100,"Scenario_3","100% adoption, 17% yield, 10% iron","Southeast Asia"
"Tunisia","Potato",2587.63240439344,8.26133945368248,17,10,100,"Scenario_3","100% adoption, 17% yield, 10% iron","North Africa"
"Turkey","Potato",68564.5839905181,38.1803836640914,17,10,100,"Scenario_3","100% adoption, 17% yield, 10% iron","Other"
"Tanzania","Potato",7486.66410492015,2.26115271231745,17,10,100,"Scenario_3","100% adoption, 17% yield, 10% iron","East Africa"
"Uganda","Potato",1836.63057461393,1.21951118534894,17,10,100,"Scenario_3","100% adoption, 17% yield, 10% iron","East Africa"
"Uruguay","Potato",75.0167862862691,3.68703183734898,17,10,100,"Scenario_3","100% adoption, 17% yield, 10% iron","LAC"
"Uzbekistan","Potato",15283.7860263927,6.45565317724664,17,10,100,"Scenario_3","100% adoption, 17% yield, 10% iron","Central Asia"
"Venezuela","Potato",1557.94176961006,4.0844626855466,17,10,100,"Scenario_3","100% adoption, 17% yield, 10% iron","LAC"
"Vietnam","Potato",1236.15352582386,0.49207971368176,17,10,100,"Scenario_3","100% adoption, 17% yield, 10% iron","Southeast Asia"
"Yemen","Potato",4992.173368555,0.938570487052541,17,10,100,"Scenario_3","100% adoption, 17% yield, 10% iron","MENA"
"South Africa","Potato",10452.2379618187,3.3124914285147,17,10,100,"Scenario_3","100% adoption, 17% yield, 10% iron","Southern Africa"
"Zambia","Potato",254.750381281801,0.169311873330943,17,10,100,"Scenario_3","100% adoption, 17% yield, 10% iron","Southern Africa"
"Zimbabwe","Potato",353.024786217001,0.393058613703713,17,10,100,"Scenario_3","100% adoption, 17% yield, 10% iron","Southern Africa"
"Afghanistan","Potato",984.170087481211,0.922739490927614,17,20,15,"Scenario_4","15% adoption, 27.5% yield*, 10% iron","South Asia"
"Angola","Potato",866.871515841047,0.746354522959293,17,20,15,"Scenario_4","15% adoption, 27.5% yield*, 10% iron","Southern Africa"
"United Arab Emirates","Potato",1.1246174804285,0.00689839489786254,17,20,15,"Scenario_4","15% adoption, 27.5% yield*, 10% iron","MENA"
"Argentina","Potato",346.541018544915,1.10429673594337,17,20,15,"Scenario_4","15% adoption, 27.5% yield*, 10% iron","LAC"
"Armenia","Potato",632.324808830728,7.75650877737926,17,20,15,"Scenario_4","15% adoption, 27.5% yield*, 10% iron","Central Asia"
"Azerbaijan","Potato",1938.56712884658,4.71392430239341,17,20,15,"Scenario_4","15% adoption, 27.5% yield*, 10% iron","Central Asia"
"Burundi","Potato",403.235991015598,0.59156925136469,17,20,15,"Scenario_4","15% adoption, 27.5% yield*, 10% iron","East Africa"
"Benin","Potato",0.114150559430581,0.000140104397848605,17,20,15,"Scenario_4","15% adoption, 27.5% yield*, 10% iron","West Africa"
"Burkina Faso","Potato",22.6200003797799,0.0105379987208141,17,20,15,"Scenario_4","15% adoption, 27.5% yield*, 10% iron","West Africa"
"Bangladesh","Potato",6115.75376413303,0.823532367140754,17,20,15,"Scenario_4","15% adoption, 27.5% yield*, 10% iron","South Asia"
"Bahrain","Potato",0.0313216096530138,0.00131584346598481,17,20,15,"Scenario_4","15% adoption, 27.5% yield*, 10% iron","MENA"
"Belize","Potato",0.429573137952906,0.0237746766298967,17,20,15,"Scenario_4","15% adoption, 27.5% yield*, 10% iron","LAC"
"Bolivia","Potato",600.743006028515,1.23141262200588,17,20,15,"Scenario_4","15% adoption, 27.5% yield*, 10% iron","LAC"
"Brazil","Potato",866.115516333127,0.122633526424964,17,20,15,"Scenario_4","15% adoption, 27.5% yield*, 10% iron","LAC"
"Bhutan","Potato",70.189601504587,1.08985884600914,17,20,15,"Scenario_4","15% adoption, 27.5% yield*, 10% iron","South Asia"
"Botswana","Potato",5.00747199169952,0.0632422751319082,17,20,15,"Scenario_4","15% adoption, 27.5% yield*, 10% iron","Southern Africa"
"Central African Republic","Potato",2.98594936422029,0.00969017650300318,17,20,15,"Scenario_4","15% adoption, 27.5% yield*, 10% iron","Central Africa"
"Chile","Potato",286.336517088666,3.06059634982602,17,20,15,"Scenario_4","15% adoption, 27.5% yield*, 10% iron","LAC"
"Ivory Coast","Potato",0.0754977437595088,4.19280381491919e-05,17,20,15,"Scenario_4","15% adoption, 27.5% yield*, 10% iron","West Africa"
"Cameroon","Potato",368.832790139224,0.251169075124172,17,20,15,"Scenario_4","15% adoption, 27.5% yield*, 10% iron","Central Africa"
"Democratic Republic of Congo","Potato",214.801014186446,0.0614025093212253,17,20,15,"Scenario_4","15% adoption, 27.5% yield*, 10% iron","Central Africa"
"Republic of Congo","Potato",11.8224164736401,0.0426525484290699,17,20,15,"Scenario_4","15% adoption, 27.5% yield*, 10% iron","Central Africa"
"Colombia","Potato",1268.08466141316,2.46481639239716,17,20,15,"Scenario_4","15% adoption, 27.5% yield*, 10% iron","LAC"
"Comoros","Potato",1.3395620243579,0.0417075781114808,17,20,15,"Scenario_4","15% adoption, 27.5% yield*, 10% iron","Central Africa"
"Costa Rica","Potato",23.5035504643751,0.525714918869277,17,20,15,"Scenario_4","15% adoption, 27.5% yield*, 10% iron","LAC"
"Cuba","Potato",40.1201256537401,0.182374029890305,17,20,15,"Scenario_4","15% adoption, 27.5% yield*, 10% iron","LAC"
"Cyprus","Potato",1.29201984239914,0.245768865490572,17,20,15,"Scenario_4","15% adoption, 27.5% yield*, 10% iron","Other"
"Dominica","Potato",0.994078969506212,0.408963849572986,17,20,15,"Scenario_4","15% adoption, 27.5% yield*, 10% iron","LAC"
"Dominican Republic","Potato",88.3307502073928,0.234155334326817,17,20,15,"Scenario_4","15% adoption, 27.5% yield*, 10% iron","LAC"
"Algeria","Potato",5348.10304060462,4.01007651638851,17,20,15,"Scenario_4","15% adoption, 27.5% yield*, 10% iron","North Africa"
"Ecuador","Potato",169.545310282195,1.21336564360062,17,20,15,"Scenario_4","15% adoption, 27.5% yield*, 10% iron","LAC"
"Egypt","Potato",6693.4121702935,2.79613899031333,17,20,15,"Scenario_4","15% adoption, 27.5% yield*, 10% iron","North Africa"
"Eritrea","Potato",1.60179821477761,0.00448398836061975,17,20,15,"Scenario_4","15% adoption, 27.5% yield*, 10% iron","East Africa"
"Ethiopia","Potato",1279.2805811305,0.251336194452959,17,20,15,"Scenario_4","15% adoption, 27.5% yield*, 10% iron","East Africa"
"Georgia","Potato",486.113654166697,3.89466682491265,17,20,15,"Scenario_4","15% adoption, 27.5% yield*, 10% iron","Central Asia"
"Guinea","Potato",202.873420328663,0.215745685858929,17,20,15,"Scenario_4","15% adoption, 27.5% yield*, 10% iron","West Africa"
"Guatemala","Potato",201.154380294115,0.363218426028496,17,20,15,"Scenario_4","15% adoption, 27.5% yield*, 10% iron","LAC"
"Honduras","Potato",83.9277300641383,0.386246328897299,17,20,15,"Scenario_4","15% adoption, 27.5% yield*, 10% iron","LAC"
"Haiti","Potato",82.0153765888711,0.0800241002725776,17,20,15,"Scenario_4","15% adoption, 27.5% yield*, 10% iron","LAC"
"Indonesia","Potato",2389.68654241271,0.400465674350215,17,20,15,"Scenario_4","15% adoption, 27.5% yield*, 10% iron","Southeast Asia"
"India","Potato",70221.5950444158,0.621703086950358,17,20,15,"Scenario_4","15% adoption, 27.5% yield*, 10% iron","South Asia"
"Iran","Potato",4122.60872102225,1.8879552375732,17,20,15,"Scenario_4","15% adoption, 27.5% yield*, 10% iron","MENA"
"Iraq","Potato",827.598771119675,0.737929387084814,17,20,15,"Scenario_4","15% adoption, 27.5% yield*, 10% iron","MENA"
"Israel","Potato",204.571413993966,3.56086648450945,17,20,15,"Scenario_4","15% adoption, 27.5% yield*, 10% iron","MENA"
"Jamaica","Potato",21.0697669580704,0.246877053611821,17,20,15,"Scenario_4","15% adoption, 27.5% yield*, 10% iron","LAC"
"Jordan","Potato",339.072031027561,0.777952293176109,17,20,15,"Scenario_4","15% adoption, 27.5% yield*, 10% iron","MENA"
"Kazakhstan","Potato",1920.80802636891,2.61993919049159,17,20,15,"Scenario_4","15% adoption, 27.5% yield*, 10% iron","Central Asia"
"Kenya","Potato",1518.40851317742,1.12979616612612,17,20,15,"Scenario_4","15% adoption, 27.5% yield*, 10% iron","East Africa"
"Kyrgyzstan","Potato",2247.72339420376,7.24547732634336,17,20,15,"Scenario_4","15% adoption, 27.5% yield*, 10% iron","Central Asia"
"Kuwait","Potato",43.7287760515152,0.497622996734855,17,20,15,"Scenario_4","15% adoption, 27.5% yield*, 10% iron","MENA"
"Laos","Potato",8.29655623872418,0.0324685827337148,17,20,15,"Scenario_4","15% adoption, 27.5% yield*, 10% iron","Southeast Asia"
"Lebanon","Potato",1294.89699840479,8.66348224193033,17,20,15,"Scenario_4","15% adoption, 27.5% yield*, 10% iron","MENA"
"Libya","Potato",562.173332745756,3.27366667202052,17,20,15,"Scenario_4","15% adoption, 27.5% yield*, 10% iron","North Africa"
"Sri Lanka","Potato",125.164056417841,0.191266011775721,17,20,15,"Scenario_4","15% adoption, 27.5% yield*, 10% iron","South Asia"
"Lesotho","Potato",159.224355483508,1.98862257694128,17,20,15,"Scenario_4","15% adoption, 27.5% yield*, 10% iron","Southern Africa"
"Morocco","Potato",1245.76256599995,1.07689614350778,17,20,15,"Scenario_4","15% adoption, 27.5% yield*, 10% iron","North Africa"
"Madagascar","Potato",517.0568003797,0.352372378258877,17,20,15,"Scenario_4","15% adoption, 27.5% yield*, 10% iron","East Africa"
"Mexico","Potato",544.830011735206,0.385203374106421,17,20,15,"Scenario_4","15% adoption, 27.5% yield*, 10% iron","LAC"
"Mali","Potato",420.586376573094,0.141048206633153,17,20,15,"Scenario_4","15% adoption, 27.5% yield*, 10% iron","West Africa"
"Myanmar","Potato",330.071295768524,0.121327600318288,17,20,15,"Scenario_4","15% adoption, 27.5% yield*, 10% iron","South Asia"
"Mozambique","Potato",658.501177798323,0.184522160489038,17,20,15,"Scenario_4","15% adoption, 27.5% yield*, 10% iron","Southern Africa"
"Mauritania","Potato",6.35930750002546,0.023316807608534,17,20,15,"Scenario_4","15% adoption, 27.5% yield*, 10% iron","West Africa"
"Mauritius","Potato",9.56398563331925,0.325410446918945,17,20,15,"Scenario_4","15% adoption, 27.5% yield*, 10% iron",NA
"Malawi","Potato",1499.50380715035,1.36393243620395,17,20,15,"Scenario_4","15% adoption, 27.5% yield*, 10% iron","Southern Africa"
"Namibia","Potato",23.9203418262226,0.321733208308221,17,20,15,"Scenario_4","15% adoption, 27.5% yield*, 10% iron","Southern Africa"
"Niger","Potato",230.796842526833,0.134623189470441,17,20,15,"Scenario_4","15% adoption, 27.5% yield*, 10% iron","West Africa"
"Nigeria","Potato",1595.43278434485,0.0852358875373636,17,20,15,"Scenario_4","15% adoption, 27.5% yield*, 10% iron","West Africa"
"Nicaragua","Potato",30.5736195997845,0.274860472987223,17,20,15,"Scenario_4","15% adoption, 27.5% yield*, 10% iron","LAC"
"Nepal","Potato",5043.56724093084,2.94454006160816,17,20,15,"Scenario_4","15% adoption, 27.5% yield*, 10% iron","South Asia"
"Oman","Potato",9.28147099357456,0.11109332398426,17,20,15,"Scenario_4","15% adoption, 27.5% yield*, 10% iron","MENA"
"Pakistan","Potato",12364.5813424165,0.487064232861718,17,20,15,"Scenario_4","15% adoption, 27.5% yield*, 10% iron","South Asia"
"Panama","Potato",23.1883940644572,0.433575241505872,17,20,15,"Scenario_4","15% adoption, 27.5% yield*, 10% iron","LAC"
"Peru","Potato",2563.07960290401,4.05529307283583,17,20,15,"Scenario_4","15% adoption, 27.5% yield*, 10% iron","LAC"
"Philippines","Potato",95.8776242188855,0.02322424004457,17,20,15,"Scenario_4","15% adoption, 27.5% yield*, 10% iron","Southeast Asia"
"Paraguay","Potato",2.28694298283793,0.0128002788288681,17,20,15,"Scenario_4","15% adoption, 27.5% yield*, 10% iron","LAC"
"Palestine","Potato",197.422708448034,1.85047506463118,17,20,15,"Scenario_4","15% adoption, 27.5% yield*, 10% iron","MENA"
"Qatar","Potato",0.206185794663384,0.00464318457897977,17,20,15,"Scenario_4","15% adoption, 27.5% yield*, 10% iron","MENA"
"Reunion","Potato",1.895179878852,0.142977211105523,17,20,15,"Scenario_4","15% adoption, 27.5% yield*, 10% iron","LAC"
"Rwanda","Potato",891.860307249844,2.4675019717644,17,20,15,"Scenario_4","15% adoption, 27.5% yield*, 10% iron","East Africa"
"Saudi Arabia","Potato",535.541635771621,0.729363866788685,17,20,15,"Scenario_4","15% adoption, 27.5% yield*, 10% iron","MENA"
"Sudan","Potato",451.759032855815,0.212675843283047,17,20,15,"Scenario_4","15% adoption, 27.5% yield*, 10% iron","North Africa"
"Senegal","Potato",148.23523041577,0.0971571180224152,17,20,15,"Scenario_4","15% adoption, 27.5% yield*, 10% iron","West Africa"
"El Salvador","Potato",3.40446876264187,0.047261890582639,17,20,15,"Scenario_4","15% adoption, 27.5% yield*, 10% iron","LAC"
"Eswatini","Potato",2.29203481140313,0.0524093622237899,17,20,15,"Scenario_4","15% adoption, 27.5% yield*, 10% iron","Southern Africa"
"Syria","Potato",870.313607165252,1.99785326600225,17,20,15,"Scenario_4","15% adoption, 27.5% yield*, 10% iron","MENA"
"Chad","Potato",97.6057780948097,0.0619228310150828,17,20,15,"Scenario_4","15% adoption, 27.5% yield*, 10% iron","Central Africa"
"Thailand","Potato",50.4218583449632,0.0391802228012464,17,20,15,"Scenario_4","15% adoption, 27.5% yield*, 10% iron","Southeast Asia"
"Tajikistan","Potato",1986.92804278458,3.25727363861059,17,20,15,"Scenario_4","15% adoption, 27.5% yield*, 10% iron","Central Asia"
"Turkmenistan","Potato",258.745323504637,1.08214424206369,17,20,15,"Scenario_4","15% adoption, 27.5% yield*, 10% iron","Central Asia"
"Timor-Leste","Potato",1.96647734085958,0.0557145458919688,17,20,15,"Scenario_4","15% adoption, 27.5% yield*, 10% iron","Southeast Asia"
"Tunisia","Potato",556.644602243495,1.77715737613493,17,20,15,"Scenario_4","15% adoption, 27.5% yield*, 10% iron","North Africa"
"Turkey","Potato",15872.9395570581,8.83889155149285,17,20,15,"Scenario_4","15% adoption, 27.5% yield*, 10% iron","Other"
"Tanzania","Potato",1589.50485762037,0.480068715476101,17,20,15,"Scenario_4","15% adoption, 27.5% yield*, 10% iron","East Africa"
"Uganda","Potato",388.89863673666,0.258226256288368,17,20,15,"Scenario_4","15% adoption, 27.5% yield*, 10% iron","East Africa"
"Uruguay","Potato",15.9689492372427,0.784864657118756,17,20,15,"Scenario_4","15% adoption, 27.5% yield*, 10% iron","LAC"
"Uzbekistan","Potato",3278.7450938477,1.38489515267543,17,20,15,"Scenario_4","15% adoption, 27.5% yield*, 10% iron","Central Asia"
"Venezuela","Potato",331.947871088822,0.870269171451942,17,20,15,"Scenario_4","15% adoption, 27.5% yield*, 10% iron","LAC"
"Vietnam","Potato",261.295807360638,0.104014884386285,17,20,15,"Scenario_4","15% adoption, 27.5% yield*, 10% iron","Southeast Asia"
"Yemen","Potato",1056.71499977874,0.198671287793264,17,20,15,"Scenario_4","15% adoption, 27.5% yield*, 10% iron","MENA"
"South Africa","Potato",2224.32682797774,0.704926885400676,17,20,15,"Scenario_4","15% adoption, 27.5% yield*, 10% iron","Southern Africa"
"Zambia","Potato",53.8136299973134,0.0357655460994369,17,20,15,"Scenario_4","15% adoption, 27.5% yield*, 10% iron","Southern Africa"
"Zimbabwe","Potato",74.6131370622088,0.0830744394240061,17,20,15,"Scenario_4","15% adoption, 27.5% yield*, 10% iron","Southern Africa"
"Afghanistan","Potato",3260.64276958618,3.05711775594094,17,20,50,"Scenario_5","50% adoption, 27.5% yield*, 10% iron","South Asia"
"Angola","Potato",2874.87687382286,2.47519651819106,17,20,50,"Scenario_5","50% adoption, 27.5% yield*, 10% iron","Southern Africa"
"United Arab Emirates","Potato",3.748556603656,0.0229936171178459,17,20,50,"Scenario_5","50% adoption, 27.5% yield*, 10% iron","MENA"
"Argentina","Potato",1146.97248593186,3.65497272949015,17,20,50,"Scenario_5","50% adoption, 27.5% yield*, 10% iron","LAC"
"Armenia","Potato",1996.53882229933,24.4908481895241,17,20,50,"Scenario_5","50% adoption, 27.5% yield*, 10% iron","Central Asia"
"Azerbaijan","Potato",6248.07096849171,15.1931460836107,17,20,50,"Scenario_5","50% adoption, 27.5% yield*, 10% iron","Central Asia"
"Burundi","Potato",1338.43550799765,1.9635580878381,17,20,50,"Scenario_5","50% adoption, 27.5% yield*, 10% iron","East Africa"
"Benin","Potato",0.380501485546775,0.000467014194051765,17,20,50,"Scenario_5","50% adoption, 27.5% yield*, 10% iron","West Africa"
"Burkina Faso","Potato",75.3940022672069,0.0351238676441,17,20,50,"Scenario_5","50% adoption, 27.5% yield*, 10% iron","West Africa"
"Bangladesh","Potato",20266.8134440521,2.72907927520956,17,20,50,"Scenario_5","50% adoption, 27.5% yield*, 10% iron","South Asia"
"Bahrain","Potato",0.104404464112669,0.00438610701826053,17,20,50,"Scenario_5","50% adoption, 27.5% yield*, 10% iron","MENA"
"Belize","Potato",1.43167560667473,0.0792359241776764,17,20,50,"Scenario_5","50% adoption, 27.5% yield*, 10% iron","LAC"
"Bolivia","Potato",1985.23155887165,4.06935940105296,17,20,50,"Scenario_5","50% adoption, 27.5% yield*, 10% iron","LAC"
"Brazil","Potato",2884.61351723996,0.408433195481739,17,20,50,"Scenario_5","50% adoption, 27.5% yield*, 10% iron","LAC"
"Bhutan","Potato",232.150028179722,3.60467585496131,17,20,50,"Scenario_5","50% adoption, 27.5% yield*, 10% iron","South Asia"
"Botswana","Potato",16.6845139361348,0.210718426890905,17,20,50,"Scenario_5","50% adoption, 27.5% yield*, 10% iron","Southern Africa"
"Central African Republic","Potato",9.95248128904274,0.0322983709935898,17,20,50,"Scenario_5","50% adoption, 27.5% yield*, 10% iron","Central Africa"
"Chile","Potato",935.180115357057,9.99596166284782,17,20,50,"Scenario_5","50% adoption, 27.5% yield*, 10% iron","LAC"
"Ivory Coast","Potato",0.25165906981349,0.000139760084928382,17,20,50,"Scenario_5","50% adoption, 27.5% yield*, 10% iron","West Africa"
"Cameroon","Potato",1227.24869502139,0.835736214124333,17,20,50,"Scenario_5","50% adoption, 27.5% yield*, 10% iron","Central Africa"
"Democratic Republic of Congo","Potato",715.703708531131,0.204589367516549,17,20,50,"Scenario_5","50% adoption, 27.5% yield*, 10% iron","Central Africa"
"Republic of Congo","Potato",39.3960853123352,0.142131977878358,17,20,50,"Scenario_5","50% adoption, 27.5% yield*, 10% iron","Central Africa"
"Colombia","Potato",4160.44512393895,8.08678919728094,17,20,50,"Scenario_5","50% adoption, 27.5% yield*, 10% iron","LAC"
"Comoros","Potato",4.46388117081391,0.138983988219083,17,20,50,"Scenario_5","50% adoption, 27.5% yield*, 10% iron","Central Africa"
"Costa Rica","Potato",78.0805336648291,1.74646385800703,17,20,50,"Scenario_5","50% adoption, 27.5% yield*, 10% iron","LAC"
"Cuba","Potato",133.577137892684,0.607201511504506,17,20,50,"Scenario_5","50% adoption, 27.5% yield*, 10% iron","LAC"
"Cyprus","Potato",4.30005173794977,0.817958674089927,17,20,50,"Scenario_5","50% adoption, 27.5% yield*, 10% iron","Other"
"Dominica","Potato",3.30432419877199,1.35939818265969,17,20,50,"Scenario_5","50% adoption, 27.5% yield*, 10% iron","LAC"
"Dominican Republic","Potato",293.962623437725,0.779263350634235,17,20,50,"Scenario_5","50% adoption, 27.5% yield*, 10% iron","LAC"
"Algeria","Potato",17358.4923177308,13.015621029503,17,20,50,"Scenario_5","50% adoption, 27.5% yield*, 10% iron","North Africa"
"Ecuador","Potato",560.702815421521,4.01271808326782,17,20,50,"Scenario_5","50% adoption, 27.5% yield*, 10% iron","LAC"
"Egypt","Potato",21908.7934250279,9.15228734879397,17,20,50,"Scenario_5","50% adoption, 27.5% yield*, 10% iron","North Africa"
"Eritrea","Potato",5.3391437090017,0.0149461137026948,17,20,50,"Scenario_5","50% adoption, 27.5% yield*, 10% iron","East Africa"
"Ethiopia","Potato",4256.70089415182,0.836300510959986,17,20,50,"Scenario_5","50% adoption, 27.5% yield*, 10% iron","East Africa"
"Georgia","Potato",1576.85310125482,12.6335012575306,17,20,50,"Scenario_5","50% adoption, 27.5% yield*, 10% iron","Central Asia"
"Guinea","Potato",675.147728747396,0.717985675790991,17,20,50,"Scenario_5","50% adoption, 27.5% yield*, 10% iron","West Africa"
"Guatemala","Potato",668.884082322152,1.20778390816715,17,20,50,"Scenario_5","50% adoption, 27.5% yield*, 10% iron","LAC"
"Honduras","Potato",279.093968073322,1.28442673837741,17,20,50,"Scenario_5","50% adoption, 27.5% yield*, 10% iron","LAC"
"Haiti","Potato",273.211074405633,0.266577699489363,17,20,50,"Scenario_5","50% adoption, 27.5% yield*, 10% iron","LAC"
"Indonesia","Potato",7945.33139099207,1.3314852960661,17,20,50,"Scenario_5","50% adoption, 27.5% yield*, 10% iron","Southeast Asia"
"India","Potato",233021.888006288,2.06304665977579,17,20,50,"Scenario_5","50% adoption, 27.5% yield*, 10% iron","South Asia"
"Iran","Potato",13574.1787826426,6.21631681846598,17,20,50,"Scenario_5","50% adoption, 27.5% yield*, 10% iron","MENA"
"Iraq","Potato",2745.43386447466,2.4479692329083,17,20,50,"Scenario_5","50% adoption, 27.5% yield*, 10% iron","MENA"
"Israel","Potato",665.876196960061,11.5905550355028,17,20,50,"Scenario_5","50% adoption, 27.5% yield*, 10% iron","MENA"
"Jamaica","Potato",70.1142372644112,0.821537150673031,17,20,50,"Scenario_5","50% adoption, 27.5% yield*, 10% iron","LAC"
"Jordan","Potato",1124.05674976645,2.57898748974025,17,20,50,"Scenario_5","50% adoption, 27.5% yield*, 10% iron","MENA"
"Kazakhstan","Potato",6287.42640433615,8.57590900179222,17,20,50,"Scenario_5","50% adoption, 27.5% yield*, 10% iron","Central Asia"
"Kenya","Potato",5023.24895942407,3.7376288176746,17,20,50,"Scenario_5","50% adoption, 27.5% yield*, 10% iron","East Africa"
"Kyrgyzstan","Potato",7109.88515735843,22.9185280686169,17,20,50,"Scenario_5","50% adoption, 27.5% yield*, 10% iron","Central Asia"
"Kuwait","Potato",145.289722188068,1.65336223599828,17,20,50,"Scenario_5","50% adoption, 27.5% yield*, 10% iron","MENA"
"Laos","Potato",27.6492498453268,0.108205372240832,17,20,50,"Scenario_5","50% adoption, 27.5% yield*, 10% iron","Southeast Asia"
"Lebanon","Potato",4069.69372825734,27.2282037785919,17,20,50,"Scenario_5","50% adoption, 27.5% yield*, 10% iron","MENA"
"Libya","Potato",1833.95082518369,10.6795241695386,17,20,50,"Scenario_5","50% adoption, 27.5% yield*, 10% iron","North Africa"
"Sri Lanka","Potato",416.678046944967,0.636735102029663,17,20,50,"Scenario_5","50% adoption, 27.5% yield*, 10% iron","South Asia"
"Lesotho","Potato",523.272425222638,6.53537805525196,17,20,50,"Scenario_5","50% adoption, 27.5% yield*, 10% iron","Southern Africa"
"Morocco","Potato",4122.76928813457,3.56391696791812,17,20,50,"Scenario_5","50% adoption, 27.5% yield*, 10% iron","North Africa"
"Madagascar","Potato",1719.16341626576,1.17160377962414,17,20,50,"Scenario_5","50% adoption, 27.5% yield*, 10% iron","East Africa"
"Mexico","Potato",1811.65684957291,1.28086984223927,17,20,50,"Scenario_5","50% adoption, 27.5% yield*, 10% iron","LAC"
"Mali","Potato",1400.39393025434,0.469637305068533,17,20,50,"Scenario_5","50% adoption, 27.5% yield*, 10% iron","West Africa"
"Myanmar","Potato",1099.31207967328,0.404085112330403,17,20,50,"Scenario_5","50% adoption, 27.5% yield*, 10% iron","South Asia"
"Mozambique","Potato",2191.85258629687,0.614190814432913,17,20,50,"Scenario_5","50% adoption, 27.5% yield*, 10% iron","Southern Africa"
"Mauritania","Potato",21.1942118304198,0.0777099329860106,17,20,50,"Scenario_5","50% adoption, 27.5% yield*, 10% iron","West Africa"
"Mauritius","Potato",31.8126732309656,1.08241235512836,17,20,50,"Scenario_5","50% adoption, 27.5% yield*, 10% iron",NA
"Malawi","Potato",4950.5841693239,4.50299778800203,17,20,50,"Scenario_5","50% adoption, 27.5% yield*, 10% iron","Southern Africa"
"Namibia","Potato",79.5620477197514,1.07012487774677,17,20,50,"Scenario_5","50% adoption, 27.5% yield*, 10% iron","Southern Africa"
"Niger","Potato",768.562157033536,0.448300278952503,17,20,50,"Scenario_5","50% adoption, 27.5% yield*, 10% iron","West Africa"
"Nigeria","Potato",5314.61703174615,0.283933051938688,17,20,50,"Scenario_5","50% adoption, 27.5% yield*, 10% iron","West Africa"
"Nicaragua","Potato",101.73301733909,0.914591913887644,17,20,50,"Scenario_5","50% adoption, 27.5% yield*, 10% iron","LAC"
"Nepal","Potato",16470.512968398,9.61583001751233,17,20,50,"Scenario_5","50% adoption, 27.5% yield*, 10% iron","South Asia"
"Oman","Potato",30.9157118958397,0.370041472976237,17,20,50,"Scenario_5","50% adoption, 27.5% yield*, 10% iron","MENA"
"Pakistan","Potato",41066.9986211036,1.61770670800666,17,20,50,"Scenario_5","50% adoption, 27.5% yield*, 10% iron","South Asia"
"Panama","Potato",77.0842709158331,1.44131720746737,17,20,50,"Scenario_5","50% adoption, 27.5% yield*, 10% iron","LAC"
"Peru","Potato",8315.27585035157,13.1563922230287,17,20,50,"Scenario_5","50% adoption, 27.5% yield*, 10% iron","LAC"
"Philippines","Potato",319.540662535387,0.0774016785582907,17,20,50,"Scenario_5","50% adoption, 27.5% yield*, 10% iron","Southeast Asia"
"Paraguay","Potato",7.62251415682322,0.0426640748442507,17,20,50,"Scenario_5","50% adoption, 27.5% yield*, 10% iron","LAC"
"Palestine","Potato",650.264399887268,6.09503368112026,17,20,50,"Scenario_5","50% adoption, 27.5% yield*, 10% iron","MENA"
"Qatar","Potato",0.687265078810136,0.0154768111974556,17,20,50,"Scenario_5","50% adoption, 27.5% yield*, 10% iron","MENA"
"Reunion","Potato",6.31120912266402,0.476133737557851,17,20,50,"Scenario_5","50% adoption, 27.5% yield*, 10% iron","LAC"
"Rwanda","Potato",2923.42778926246,8.0882216370407,17,20,50,"Scenario_5","50% adoption, 27.5% yield*, 10% iron","East Africa"
"Saudi Arabia","Potato",1776.83635995556,2.41990566481478,17,20,50,"Scenario_5","50% adoption, 27.5% yield*, 10% iron","MENA"
"Sudan","Potato",1503.54242284249,0.707826804631754,17,20,50,"Scenario_5","50% adoption, 27.5% yield*, 10% iron","North Africa"
"Senegal","Potato",493.764529266916,0.323625756918339,17,20,50,"Scenario_5","50% adoption, 27.5% yield*, 10% iron","West Africa"
"El Salvador","Potato",11.344851853261,0.157492749778968,17,20,50,"Scenario_5","50% adoption, 27.5% yield*, 10% iron","LAC"
"Eswatini","Potato",7.63733433578914,0.174634268047406,17,20,50,"Scenario_5","50% adoption, 27.5% yield*, 10% iron","Southern Africa"
"Syria","Potato",2862.68191282006,6.57144546743504,17,20,50,"Scenario_5","50% adoption, 27.5% yield*, 10% iron","MENA"
"Chad","Potato",325.199514645635,0.206312320690976,17,20,50,"Scenario_5","50% adoption, 27.5% yield*, 10% iron","Central Africa"
"Thailand","Potato",168.030231414797,0.130567617304696,17,20,50,"Scenario_5","50% adoption, 27.5% yield*, 10% iron","Southeast Asia"
"Tajikistan","Potato",6471.36035268432,10.6088348590657,17,20,50,"Scenario_5","50% adoption, 27.5% yield*, 10% iron","Central Asia"
"Turkmenistan","Potato",856.14913840466,3.58065161496836,17,20,50,"Scenario_5","50% adoption, 27.5% yield*, 10% iron","Central Asia"
"Timor-Leste","Potato",6.5524545128062,0.185645173770069,17,20,50,"Scenario_5","50% adoption, 27.5% yield*, 10% iron","Southeast Asia"
"Tunisia","Potato",1834.08070939351,5.85553160488508,17,20,50,"Scenario_5","50% adoption, 27.5% yield*, 10% iron","North Africa"
"Turkey","Potato",50000.417397115,27.8428746807618,17,20,50,"Scenario_5","50% adoption, 27.5% yield*, 10% iron","Other"
"Tanzania","Potato",5280.2304226063,1.59475664654047,17,20,50,"Scenario_5","50% adoption, 27.5% yield*, 10% iron","East Africa"
"Uganda","Potato",1294.04970437346,0.859240889645237,17,20,50,"Scenario_5","50% adoption, 27.5% yield*, 10% iron","East Africa"
"Uruguay","Potato",52.9607732832516,2.6029915022061,17,20,50,"Scenario_5","50% adoption, 27.5% yield*, 10% iron","LAC"
"Uzbekistan","Potato",10821.5563149009,4.57087100581009,17,20,50,"Scenario_5","50% adoption, 27.5% yield*, 10% iron","Central Asia"
"Venezuela","Potato",1100.26681924175,2.88457428576601,17,20,50,"Scenario_5","50% adoption, 27.5% yield*, 10% iron","LAC"
"Vietnam","Potato",870.39846427802,0.34648238923682,17,20,50,"Scenario_5","50% adoption, 27.5% yield*, 10% iron","Southeast Asia"
"Yemen","Potato",3516.92959989353,0.6612122784624,17,20,50,"Scenario_5","50% adoption, 27.5% yield*, 10% iron","MENA"
"South Africa","Potato",7378.29420739905,2.33830653381109,17,20,50,"Scenario_5","50% adoption, 27.5% yield*, 10% iron","Southern Africa"
"Zambia","Potato",179.33060700364,0.119186479190289,17,20,50,"Scenario_5","50% adoption, 27.5% yield*, 10% iron","Southern Africa"
"Zimbabwe","Potato",248.560511025349,0.276747848025197,17,20,50,"Scenario_5","50% adoption, 27.5% yield*, 10% iron","Southern Africa"
"Afghanistan","Potato",6464.54255916376,6.06103435371535,17,20,100,"Scenario_6","100% adoption, 27.5% yield*, 10% iron","South Asia"
"Angola","Potato",5707.9126665427,4.91436892028639,17,20,100,"Scenario_6","100% adoption, 27.5% yield*, 10% iron","Southern Africa"
"United Arab Emirates","Potato",7.49663227231971,0.0459842841841812,17,20,100,"Scenario_6","100% adoption, 27.5% yield*, 10% iron","MENA"
"Argentina","Potato",2270.68558579894,7.23582648680427,17,20,100,"Scenario_6","100% adoption, 27.5% yield*, 10% iron","LAC"
"Armenia","Potato",3684.80679996829,45.2002450129265,17,20,100,"Scenario_6","100% adoption, 27.5% yield*, 10% iron","Central Asia"
"Azerbaijan","Potato",11900.2465359866,28.9372807965837,17,20,100,"Scenario_6","100% adoption, 27.5% yield*, 10% iron","Central Asia"
"Burundi","Potato",2660.6890569389,3.90337635676643,17,20,100,"Scenario_6","100% adoption, 27.5% yield*, 10% iron","East Africa"
"Benin","Potato",0.761001887608901,0.000934027058272426,17,20,100,"Scenario_6","100% adoption, 27.5% yield*, 10% iron","West Africa"
"Burkina Faso","Potato",150.770865993818,0.0702397509417879,17,20,100,"Scenario_6","100% adoption, 27.5% yield*, 10% iron","West Africa"
"Bangladesh","Potato",40195.1828319573,5.41258450583641,17,20,100,"Scenario_6","100% adoption, 27.5% yield*, 10% iron","South Asia"
"Bahrain","Potato",0.208806352777585,0.00877210584009899,17,20,100,"Scenario_6","100% adoption, 27.5% yield*, 10% iron","MENA"
"Belize","Potato",2.86268028507839,0.158434715906237,17,20,100,"Scenario_6","100% adoption, 27.5% yield*, 10% iron","LAC"
"Bolivia","Potato",3921.51903946971,8.03839244765197,17,20,100,"Scenario_6","100% adoption, 27.5% yield*, 10% iron","LAC"
"Brazil","Potato",5762.26500776546,0.81588063574843,17,20,100,"Scenario_6","100% adoption, 27.5% yield*, 10% iron","LAC"
"Bhutan","Potato",459.14736609858,7.1293440600547,17,20,100,"Scenario_6","100% adoption, 27.5% yield*, 10% iron","South Asia"
"Botswana","Potato",33.3488634384182,0.421182185423083,17,20,100,"Scenario_6","100% adoption, 27.5% yield*, 10% iron","Southern Africa"
"Central African Republic","Potato",19.9030105234493,0.0645904070659666,17,20,100,"Scenario_6","100% adoption, 27.5% yield*, 10% iron","Central Africa"
"Chile","Potato",1815.85297360473,19.4093056636377,17,20,100,"Scenario_6","100% adoption, 27.5% yield*, 10% iron","LAC"
"Ivory Coast","Potato",0.503317922784477,0.000279520049432228,17,20,100,"Scenario_6","100% adoption, 27.5% yield*, 10% iron","West Africa"
"Cameroon","Potato",2448.23844233173,1.66721018760775,17,20,100,"Scenario_6","100% adoption, 27.5% yield*, 10% iron","Central Africa"
"Democratic Republic of Congo","Potato",1430.55145687295,0.408934052280077,17,20,100,"Scenario_6","100% adoption, 27.5% yield*, 10% iron","Central Africa"
"Republic of Congo","Potato",78.7579806575653,0.284140606251056,17,20,100,"Scenario_6","100% adoption, 27.5% yield*, 10% iron","Central Africa"
"Colombia","Potato",8131.98700812273,15.8064011735973,17,20,100,"Scenario_6","100% adoption, 27.5% yield*, 10% iron","LAC"
"Comoros","Potato",8.92397593888492,0.277850085899849,17,20,100,"Scenario_6","100% adoption, 27.5% yield*, 10% iron","Central Africa"
"Costa Rica","Potato",155.406075203674,3.47604045360406,17,20,100,"Scenario_6","100% adoption, 27.5% yield*, 10% iron","LAC"
"Cuba","Potato",266.707035092809,1.21237000127482,17,20,100,"Scenario_6","100% adoption, 27.5% yield*, 10% iron","LAC"
"Cyprus","Potato",8.58102537658836,1.6322882995619,17,20,100,"Scenario_6","100% adoption, 27.5% yield*, 10% iron","Other"
"Dominica","Potato",6.58220756098734,2.7079186115032,17,20,100,"Scenario_6","100% adoption, 27.5% yield*, 10% iron","LAC"
"Dominican Republic","Potato",586.574762063473,1.5549467110396,17,20,100,"Scenario_6","100% adoption, 27.5% yield*, 10% iron","LAC"
"Algeria","Potato",33394.5998129142,25.0397008934256,17,20,100,"Scenario_6","100% adoption, 27.5% yield*, 10% iron","North Africa"
"Ecuador","Potato",1108.74277578905,7.93481335162652,17,20,100,"Scenario_6","100% adoption, 27.5% yield*, 10% iron","LAC"
"Egypt","Potato",42675.9384563256,17.8276568706677,17,20,100,"Scenario_6","100% adoption, 27.5% yield*, 10% iron","North Africa"
"Eritrea","Potato",10.6777626567676,0.029890758416817,17,20,100,"Scenario_6","100% adoption, 27.5% yield*, 10% iron","East Africa"
"Ethiopia","Potato",8491.81127177619,1.66835920168106,17,20,100,"Scenario_6","100% adoption, 27.5% yield*, 10% iron","East Africa"
"Georgia","Potato",3031.62529698855,24.2889093292129,17,20,100,"Scenario_6","100% adoption, 27.5% yield*, 10% iron","Central Asia"
"Guinea","Potato",1347.16650344384,1.43264386621377,17,20,100,"Scenario_6","100% adoption, 27.5% yield*, 10% iron","West Africa"
"Guatemala","Potato",1333.11644104658,2.40716833867434,17,20,100,"Scenario_6","100% adoption, 27.5% yield*, 10% iron","LAC"
"Honduras","Potato",556.288665017932,2.56011278401256,17,20,100,"Scenario_6","100% adoption, 27.5% yield*, 10% iron","LAC"
"Haiti","Potato",545.926782172816,0.532672059497818,17,20,100,"Scenario_6","100% adoption, 27.5% yield*, 10% iron","LAC"
"Indonesia","Potato",15832.7479702951,2.65326517943214,17,20,100,"Scenario_6","100% adoption, 27.5% yield*, 10% iron","Southeast Asia"
"India","Potato",463055.600968716,4.09963767370729,17,20,100,"Scenario_6","100% adoption, 27.5% yield*, 10% iron","South Asia"
"Iran","Potato",26671.3656333518,12.2141944211068,17,20,100,"Scenario_6","100% adoption, 27.5% yield*, 10% iron","MENA"
"Iraq","Potato",5453.15817767004,4.86231470145899,17,20,100,"Scenario_6","100% adoption, 27.5% yield*, 10% iron","MENA"
"Israel","Potato",1286.49574582351,22.393351516366,17,20,100,"Scenario_6","100% adoption, 27.5% yield*, 10% iron","MENA"
"Jamaica","Potato",139.890811286644,1.63911785956349,17,20,100,"Scenario_6","100% adoption, 27.5% yield*, 10% iron","LAC"
"Jordan","Potato",2230.52403204876,5.11761846135788,17,20,100,"Scenario_6","100% adoption, 27.5% yield*, 10% iron","MENA"
"Kazakhstan","Potato",12249.5755323906,16.7081470733261,17,20,100,"Scenario_6","100% adoption, 27.5% yield*, 10% iron","Central Asia"
"Kenya","Potato",9938.0796337872,7.39458727441748,17,20,100,"Scenario_6","100% adoption, 27.5% yield*, 10% iron","East Africa"
"Kyrgyzstan","Potato",13167.2859055914,42.44440028718,17,20,100,"Scenario_6","100% adoption, 27.5% yield*, 10% iron","Central Asia"
"Kuwait","Potato",289.230576749816,3.29137468151494,17,20,100,"Scenario_6","100% adoption, 27.5% yield*, 10% iron","MENA"
"Laos","Potato",55.2815371209842,0.216344361445035,17,20,100,"Scenario_6","100% adoption, 27.5% yield*, 10% iron","Southeast Asia"
"Lebanon","Potato",7451.04017654362,49.8510339686615,17,20,100,"Scenario_6","100% adoption, 27.5% yield*, 10% iron","MENA"
"Libya","Potato",3554.81777236552,20.7005344946916,17,20,100,"Scenario_6","100% adoption, 27.5% yield*, 10% iron","North Africa"
"Sri Lanka","Potato",831.827386166595,1.27113415137949,17,20,100,"Scenario_6","100% adoption, 27.5% yield*, 10% iron","South Asia"
"Lesotho","Potato",1025.43085611576,12.8070542058199,17,20,100,"Scenario_6","100% adoption, 27.5% yield*, 10% iron","Southern Africa"
"Morocco","Potato",8160.82522185336,7.05460370146912,17,20,100,"Scenario_6","100% adoption, 27.5% yield*, 10% iron","North Africa"
"Madagascar","Potato",3425.89961385369,2.33473845373138,17,20,100,"Scenario_6","100% adoption, 27.5% yield*, 10% iron","East Africa"
"Mexico","Potato",3610.63083746808,2.55277270210539,17,20,100,"Scenario_6","100% adoption, 27.5% yield*, 10% iron","LAC"
"Mali","Potato",2796.3348792058,0.937781254522316,17,20,100,"Scenario_6","100% adoption, 27.5% yield*, 10% iron","West Africa"
"Myanmar","Potato",2195.98133951229,0.807198776998809,17,20,100,"Scenario_6","100% adoption, 27.5% yield*, 10% iron","South Asia"
"Mozambique","Potato",4374.71646246545,1.22586285400436,17,20,100,"Scenario_6","100% adoption, 27.5% yield*, 10% iron","Southern Africa"
"Mauritania","Potato",42.3784825979943,0.155383416429396,17,20,100,"Scenario_6","100% adoption, 27.5% yield*, 10% iron","West Africa"
"Mauritius","Potato",63.4333144405949,2.15829090434341,17,20,100,"Scenario_6","100% adoption, 27.5% yield*, 10% iron",NA
"Malawi","Potato",9765.71984137552,8.88279308863204,17,20,100,"Scenario_6","100% adoption, 27.5% yield*, 10% iron","Southern Africa"
"Namibia","Potato",158.632119214127,2.13363258043177,17,20,100,"Scenario_6","100% adoption, 27.5% yield*, 10% iron","Southern Africa"
"Niger","Potato",1534.95310623049,0.895334098100951,17,20,100,"Scenario_6","100% adoption, 27.5% yield*, 10% iron","West Africa"
"Nigeria","Potato",10619.2636588388,0.567333435689731,17,20,100,"Scenario_6","100% adoption, 27.5% yield*, 10% iron","West Africa"
"Nicaragua","Potato",202.954841947798,1.82458814438877,17,20,100,"Scenario_6","100% adoption, 27.5% yield*, 10% iron","LAC"
"Nepal","Potato",31979.4139475795,18.6702508397647,17,20,100,"Scenario_6","100% adoption, 27.5% yield*, 10% iron","South Asia"
"Oman","Potato",61.7670919303362,0.739312934354134,17,20,100,"Scenario_6","100% adoption, 27.5% yield*, 10% iron","MENA"
"Pakistan","Potato",81711.8634978815,3.21878476983022,17,20,100,"Scenario_6","100% adoption, 27.5% yield*, 10% iron","South Asia"
"Panama","Potato",153.568011773421,2.87140573888623,17,20,100,"Scenario_6","100% adoption, 27.5% yield*, 10% iron","LAC"
"Peru","Potato",15986.6604379104,25.2940225727608,17,20,100,"Scenario_6","100% adoption, 27.5% yield*, 10% iron","LAC"
"Philippines","Potato",638.934433677402,0.154767775915984,17,20,100,"Scenario_6","100% adoption, 27.5% yield*, 10% iron","Southeast Asia"
"Paraguay","Potato",15.2432308976946,0.0853180893478949,17,20,100,"Scenario_6","100% adoption, 27.5% yield*, 10% iron","LAC"
"Palestine","Potato",1278.31767770995,11.9818789128919,17,20,100,"Scenario_6","100% adoption, 27.5% yield*, 10% iron","MENA"
"Qatar","Potato",1.37447043459957,0.0309522774671037,17,20,100,"Scenario_6","100% adoption, 27.5% yield*, 10% iron","MENA"
"Reunion","Potato",12.6051224030699,0.950962632595273,17,20,100,"Scenario_6","100% adoption, 27.5% yield*, 10% iron","LAC"
"Rwanda","Potato",5707.02373151033,15.7895717478803,17,20,100,"Scenario_6","100% adoption, 27.5% yield*, 10% iron","East Africa"
"Saudi Arabia","Potato",3529.99527100132,4.80756458252527,17,20,100,"Scenario_6","100% adoption, 27.5% yield*, 10% iron","MENA"
"Sudan","Potato",3000.46275683426,1.41253611026914,17,20,100,"Scenario_6","100% adoption, 27.5% yield*, 10% iron","North Africa"
"Senegal","Potato",986.521457613262,0.646591106716962,17,20,100,"Scenario_6","100% adoption, 27.5% yield*, 10% iron","West Africa"
"El Salvador","Potato",22.6800551340859,0.314851555084792,17,20,100,"Scenario_6","100% adoption, 27.5% yield*, 10% iron","LAC"
"Eswatini","Potato",15.2667231527596,0.349086854921494,17,20,100,"Scenario_6","100% adoption, 27.5% yield*, 10% iron","Southern Africa"
"Syria","Potato",5616.53302466255,12.8930637813192,17,20,100,"Scenario_6","100% adoption, 27.5% yield*, 10% iron","MENA"
"Chad","Potato",649.961884986865,0.412347309307773,17,20,100,"Scenario_6","100% adoption, 27.5% yield*, 10% iron","Central Africa"
"Thailand","Potato",335.938678215224,0.261040602073397,17,20,100,"Scenario_6","100% adoption, 27.5% yield*, 10% iron","Southeast Asia"
"Tajikistan","Potato",12516.8397474753,20.5195010942752,17,20,100,"Scenario_6","100% adoption, 27.5% yield*, 10% iron","Central Asia"
"Turkmenistan","Potato",1694.28463127209,7.08596520050818,17,20,100,"Scenario_6","100% adoption, 27.5% yield*, 10% iron","Central Asia"
"Timor-Leste","Potato",13.0978537471559,0.371090456279162,17,20,100,"Scenario_6","100% adoption, 27.5% yield*, 10% iron","Southeast Asia"
"Tunisia","Potato",3607.33662551967,11.5168724647754,17,20,100,"Scenario_6","100% adoption, 27.5% yield*, 10% iron","North Africa"
"Turkey","Potato",91735.0993427881,51.0829510590417,17,20,100,"Scenario_6","100% adoption, 27.5% yield*, 10% iron","Other"
"Tanzania","Potato",10508.8428183605,3.1739234068799,17,20,100,"Scenario_6","100% adoption, 27.5% yield*, 10% iron","East Africa"
"Uganda","Potato",2581.59550756705,1.71416322968835,17,20,100,"Scenario_6","100% adoption, 27.5% yield*, 10% iron","East Africa"
"Uruguay","Potato",105.154516911532,5.16828393866873,17,20,100,"Scenario_6","100% adoption, 27.5% yield*, 10% iron","LAC"
"Uzbekistan","Potato",21338.2238257729,9.01296133037812,17,20,100,"Scenario_6","100% adoption, 27.5% yield*, 10% iron","Central Asia"
"Venezuela","Potato",2182.79034751805,5.72263090875356,17,20,100,"Scenario_6","100% adoption, 27.5% yield*, 10% iron","LAC"
"Vietnam","Potato",1739.11872888932,0.692296731993776,17,20,100,"Scenario_6","100% adoption, 27.5% yield*, 10% iron","Southeast Asia"
"Yemen","Potato",7018.30545016565,1.31950032147064,17,20,100,"Scenario_6","100% adoption, 27.5% yield*, 10% iron","MENA"
"South Africa","Potato",14653.732733332,4.64401635824041,17,20,100,"Scenario_6","100% adoption, 27.5% yield*, 10% iron","Southern Africa"
"Zambia","Potato",358.523653706389,0.238281533228935,17,20,100,"Scenario_6","100% adoption, 27.5% yield*, 10% iron","Southern Africa"
"Zimbabwe","Potato",496.692844473484,0.553018962145327,17,20,100,"Scenario_6","100% adoption, 27.5% yield*, 10% iron","Southern Africa"
